date,n,n_tradable,top1_code,top1_true,top1_pred_gap,best_true_all,best_true_tradable,regret_vs_best_tradable,top3_mean,top5_mean,score_std,score_max_prob,score_entropy,hit_top1_in_true10,hit_top1_in_true20,overlap_pred10_true10,overlap_pred10_true20,overlap_pred20_true10,overlap_pred20_true20
2019-01-02,1896,1896,SZ000707,-0.008902078,0.005510359999999936,0.17960939,0.17960939,0.18851146800000002,-0.015579971666666666,-0.0096630602,0.007351375704159062,0.0005545300967125061,7.547474490325664,0,0,0,0,0,0
2019-01-03,1860,1859,SZ000722,0.096201286,0.00027489999999996684,0.21088904,0.21088904,0.114687754,0.068097968,0.08667491359999999,0.007237383941774693,0.0005562908266645031,7.5283054540463565,0,0,1,2,2,3
2019-01-04,1855,1854,SH600745,-0.007106414,0.002917659999999933,0.20650043,0.20650043,0.21360684400000002,-0.006594858333333333,0.0104059884,0.008814701423227598,0.0005629402871610826,7.525600875268083,0,0,0,0,0,0
2019-01-07,1853,1851,SH600614,0.03390158,0.01523675999999996,0.19507042,0.19507042,0.16116883999999998,0.02467412353333333,-0.02185507188,0.006833649521868969,0.000566225267239013,7.524537743539138,0,0,0,0,1,1
2019-01-08,1868,1868,SH600614,-0.044251997,0.009959150000000028,0.24546485,0.24546485,0.289716847,-0.030965545666666667,-0.0136571412,0.005929985260506732,0.0005583666531521295,7.532605950633111,0,0,0,0,1,1
2019-01-09,1882,1881,SH600595,-0.029574862,0.021003760000000038,0.19678457,0.19678457,0.226359432,-0.04840846199999999,-0.020149722599999996,0.006619386942082781,0.0005605475789092706,7.540068286294234,0,0,0,1,0,1
2019-01-10,1895,1895,SH600595,0.46857142,0.01661294999999996,0.46857142,0.46857142,0.0,0.15965413400000003,0.11393391766000001,0.0060775933644538595,0.0005552101824962688,7.54695556283704,1,1,2,2,3,3
2019-01-11,1913,1911,SZ000862,0.021868788,0.006436949999999997,0.15916102,0.15916102,0.137292232,-0.029479189,-0.020223008999999997,0.005687796688301726,0.0005493681868998884,7.5564117248140015,0,0,0,1,0,2
2019-01-14,1917,1916,SH600595,-0.11390887,0.005815800000000038,0.26048872,0.26048872,0.37439759,-0.02124418933333333,-0.0303939752,0.0058371931621146265,0.000539343682728029,7.558499652370189,0,0,0,0,1,1
2019-01-15,1909,1907,SH600595,0.0744249,0.010589839999999962,0.17252196,0.17252196,0.09809706,0.05926930016666667,0.043427811899999995,0.00586016669093961,0.0005439100920036818,7.554317602987565,0,1,2,3,3,4
2019-01-16,1928,1928,SH600595,0.07052897,0.007613259999999955,0.14033046,0.14033046,0.06980149,0.003944066333333334,0.0009666274000000002,0.005609838665933934,0.000536960654651711,7.564222699737035,0,0,0,1,2,3
2019-01-17,1939,1939,SH600609,0.0076355976,0.007230400000000081,0.29764706,0.29764706,0.29001146240000003,0.0025574489666666668,-0.028645019419999994,0.0055568669083684115,0.0005332394737187274,7.569912181196644,0,0,0,0,1,1
2019-01-18,1950,1950,SZ000780,0.0,0.006748619999999983,0.17470665,0.17470665,0.17470665,-0.009209141666666667,0.0019378012599999997,0.005912974815662643,0.0005341290346564596,7.575567145156638,0,0,0,0,0,0
2019-01-21,1966,1966,SZ000816,-0.08739255,0.003427799999999981,0.1528965,0.1528965,0.24028905,-0.036537987333333334,-0.042712200400000004,0.006086658495677514,0.0005266855420494477,7.583737757768732,0,0,1,1,2,2
2019-01-22,1981,1981,SZ002459,-0.0667107,0.006185639999999992,0.2228739,0.2228739,0.2895846,-0.015460475,-0.009214113999999999,0.005729519766564557,0.0005220176152514368,7.591340659034694,0,0,1,2,1,2
2019-01-23,1997,1997,SH600191,0.0,0.0004453999999999292,0.19026445,0.19026445,0.19026445,0.0011523610000000004,0.00011421602000000032,0.0057876833518299255,0.0005157775205906044,7.599384598567146,0,0,1,1,1,1
2019-01-24,1996,1995,SH600745,0.0022615907,0.0011946000000000456,0.22439024,0.22439024,0.22212864929999998,-0.023086784099999997,0.009590748139999999,0.00610084955888719,0.0005169046952199606,7.598881818534615,0,0,1,1,1,1
2019-01-25,2004,2002,SH600595,-0.035187285,0.0002722599999999131,0.0963983,0.0963983,0.131585585,-0.06078315833333333,-0.062478565,0.006001699339909096,0.0005153786059768587,7.602882416140036,0,0,0,0,0,0
2019-01-28,2010,2010,SH600086,0.013500482,0.004203300000000021,0.10526316,0.10526316,0.091762678,-0.0032618378,-0.03465800548,0.006243232754281043,0.0005204741827291754,7.605870427385694,0,0,0,0,0,0
2019-01-29,2023,2023,SH600609,-0.0254491,0.00017169999999999686,0.16441442,0.16441442,0.18986352,-0.05782442666666667,-0.09111660034,0.0067542241124475535,0.0005144997750085987,7.612313913505291,0,0,1,1,1,1
2019-01-30,2036,2036,SZ000707,-0.03154574,0.00040729999999999933,0.34235978,0.34235978,0.37390552,-0.025736494999999998,-0.045451652999999995,0.007500985550955372,0.0005132677622743763,7.618714080581445,0,0,2,2,2,2
2019-01-31,2051,2049,SZ000707,0.08794788,0.0050263999999999864,0.23705722,0.23705722,0.14910934,0.08374359800000002,0.1174265368,0.008165130398608165,0.0005127107656522621,7.6260491847975125,0,0,1,1,2,2
2019-02-01,2037,2035,SZ000622,0.04988662,0.005702670000000021,0.18448023,0.18448023,0.13459361,0.08923940733333334,0.067626093,0.009951998489742491,0.0005219934299497399,7.619183362401545,0,0,1,1,1,1
2019-02-11,2024,2021,SH600609,0.07438495,0.0012915700000000196,0.21994494,0.21994494,0.14555999,0.097264212,0.0650386968,0.008779000939656768,0.0005266955485050277,7.612792052512249,0,0,2,3,2,3
2019-02-12,2029,2028,SH600595,-0.024509804,0.0011571600000001014,0.2238193,0.2238193,0.248329104,-0.01311495933333333,-0.009069299599999999,0.007560826385349211,0.0005156639247772506,7.615269524529165,0,0,0,0,1,1
2019-02-13,2034,2032,SH600595,0.025125628,0.001550700000000016,0.18181819,0.18181819,0.15669256199999998,0.010887832666666666,0.0090824953,0.007507369518545451,0.0005164992011397831,7.617731163814275,0,0,1,1,1,1
2019-02-14,2043,2042,SH600595,0.104575165,0.0038154999999999717,0.23765996,0.23765996,0.133084795,0.044472491999999995,0.017758149599999995,0.005942581020555304,0.0005111822878245085,7.62215684078393,0,0,1,1,1,1
2019-02-15,2064,2061,SH600595,0.08136094,0.0100347999999999,0.23723723,0.23723723,0.15587628999999997,0.052690770266666666,0.044212463560000005,0.005800982224615376,0.0005063604492702697,7.632384222626185,0,0,0,0,0,0
2019-02-18,2120,2117,SH600744,0.017883755,0.001367840000000009,0.17883725,0.17883725,0.160953495,0.011230008333333333,0.006128039,0.005488089061048781,0.0004919341414495417,7.659156221527123,0,0,0,1,0,1
2019-02-19,2174,2169,SH600744,-0.095168374,0.001386529999999997,0.1879518,0.1879518,0.283120174,0.08032678866666666,0.0515801572,0.006179711883030411,0.00048532106822485305,7.684304866934726,0,0,2,3,2,3
2019-02-20,2207,2205,SH600191,0.0,0.002978659999999911,0.24545455,0.24545455,0.24545455,-0.016842396,-0.020872906400000002,0.005634416873335375,0.0004797182457102258,7.6993734462883205,0,0,0,1,0,1
2019-02-21,2254,2252,SH600399,-0.10862944,0.014041659999999956,0.32126698,0.32126698,0.42989641999999995,-0.0022817416666666666,0.012570377999999998,0.0053604019223585,0.00046754006380789377,7.72044725705258,0,0,0,0,1,1
2019-02-22,2289,2278,SH600399,0.011389522,0.004665160000000057,0.24546953,0.24546953,0.234080008,0.03758009466666667,0.0406185008,0.0055698036931057715,0.000459143984877534,7.735854747791583,0,0,0,2,0,3
2019-02-25,2367,2358,SZ000737,0.017524645,0.00477290000000008,0.18710539,0.18710539,0.169580745,0.0004831283333333371,0.019690573000000003,0.005525614682513728,0.00043944258597577063,7.769363275831303,0,0,0,0,0,0
2019-02-26,2446,2445,SZ002668,-0.14285715,0.0022665500000000893,0.21104679,0.21104679,0.35390394000000003,-0.020276988333333332,-0.008365582999999996,0.006616952477504327,0.0004274702079231586,7.802187307760386,0,0,0,1,0,2
2019-02-27,2494,2494,SZ002668,-0.017104216,0.0011079000000000505,0.19341126,0.19341126,0.210515476,-0.034698032999999996,-0.0136153886,0.0064023471176769845,0.0004191243337130027,7.821622543488738,0,0,0,0,0,0
2019-02-28,2532,2531,SZ002343,-0.048902474,0.010107030000000017,0.2724138,0.2724138,0.32131627399999996,0.04138472146666666,0.06246826228,0.006279512711255518,0.000415979411894416,7.836744974088734,0,0,2,3,2,3
2019-03-01,2553,2546,SZ002668,0.06574142,0.00215672999999994,0.20936863,0.20936863,0.14362721,0.06659337166666666,0.03455079854,0.006557944257605007,0.0004044444989133955,7.845002838798837,0,0,1,1,2,2
2019-03-04,2592,2587,SZ000670,0.23676081,0.00472819999999996,0.3461047,0.3461047,0.10934389,0.11259953466666665,0.0677448748,0.006374861000013993,0.00040018699833597614,7.8601646855572485,1,1,1,1,2,2
2019-03-05,2612,2602,SZ002356,0.09476417,0.012777700000000003,0.23434535,0.20549582,0.11073165,0.03879695106666667,0.02920177964,0.006678150528888477,0.00040682185566841446,7.8678490800259,0,0,1,1,1,2
2019-03-06,2659,2651,SZ002356,0.09486166,0.00957869999999994,0.22293815,0.22293815,0.12807649,0.080263288,0.052437955,0.006863607332833696,0.00040154924630245625,7.885681646538847,0,0,1,1,1,1
2019-03-07,2684,2682,SZ002356,0.09566787,0.020499339999999977,0.24528302,0.24528302,0.14961514999999997,0.052540518666666675,0.03671850120000001,0.007085439390629549,0.0004037990225834959,7.895038170069152,0,0,0,0,1,1
2019-03-08,2715,2708,SZ002356,0.09571664,0.02030480000000001,0.22918054,0.22918054,0.13346389999999997,-0.06321131333333334,-0.0137099786,0.006879902417115812,0.00039427287636825806,7.9065234322571545,0,0,0,0,0,0
2019-03-11,2726,2720,SZ002356,0.09592543,0.02429576,0.19566368,0.19566368,0.09973825,0.003905968333333337,0.0370159742,0.0070046204805284205,0.0003907242597192283,7.910565998717034,0,0,0,1,0,1
2019-03-12,2740,2735,SZ002356,0.096583895,0.03075444999999999,0.19829772,0.19829772,0.10171382500000001,-0.04838867166666666,-0.03653708039999999,0.006512438429508938,0.0003927271926941977,7.915691861770263,0,1,0,1,0,1
2019-03-13,2744,2743,SZ002356,0.077192545,0.028238600000000003,0.27486438,0.27486438,0.19767183500000002,0.015857953666666667,-0.0005958515999999997,0.0068142844105294,0.0003895891553470357,7.91714867506988,0,0,0,0,0,0
2019-03-14,2752,2750,SZ002356,-0.021951219,0.010999800000000004,0.21886793,0.21886793,0.24081914899999998,-0.0020615526666666667,0.0330269116,0.008125798223762025,0.00038074661085007625,7.9200501260713905,0,0,0,0,0,0
2019-03-15,2756,2750,SZ002356,0.066619165,0.009910880000000066,0.21245103,0.21245103,0.145831865,0.0505618665,0.0583779685,0.006993564508401604,0.0003775202479326425,7.921511131478061,0,0,0,0,0,0
2019-03-18,2754,2752,SH600052,-0.014397906,0.004385299999999925,0.25046,0.25046,0.26485790600000003,0.010648649666666668,-0.0045696408,0.005887549985611479,0.0003772039270092778,7.920792304181388,0,0,0,0,0,0
2019-03-19,2757,2754,SZ002307,0.09942363,0.002646449999999967,0.22381477,0.22381477,0.12439114,0.062565394,0.0698622544,0.006453241163739921,0.00037570500327148643,7.921877558241248,0,0,1,1,1,3
2019-03-20,2759,2754,SH600052,0.014285714,0.007895130000000083,0.2742475,0.2742475,0.259961786,-0.017299519666666666,0.007048148800000001,0.00663296102426325,0.00037568828518110854,7.922601548679914,0,0,0,0,0,1
2019-03-21,2760,2756,SZ002307,0.023843586,0.007560500000000081,0.21766667,0.21766667,0.193823084,0.007028973333333334,-0.008193991199999999,0.005829846864419879,0.00037834374095499317,7.922968916798211,0,0,0,0,0,1
2019-03-22,2760,2758,SZ002604,-0.048678722,0.0008941900000000169,0.25230768,0.25230768,0.300986402,-0.04198399133333334,-0.026412749000000003,0.006017659518730005,0.00037769214460454687,7.922967793884373,0,0,0,1,0,1
2019-03-25,2757,2752,SZ000159,0.015394694,0.0012690000000000756,0.18046133,0.18046133,0.165066636,-0.02051114966666667,-0.034872795,0.005712725914297718,0.0003827144420955511,7.921882037999577,0,0,1,1,1,1
2019-03-26,2758,2757,SH600072,0.011426154,0.00019370000000007437,0.21441124,0.21441124,0.202985086,0.009304733,0.06403640699999999,0.005614340057080033,0.0003887077091266011,7.922245233087659,0,0,1,1,1,1
2019-03-27,2757,2756,SH600279,-0.002793296,0.002234700000000034,0.17083201,0.17083201,0.173625306,0.037128681000000004,0.0279957098,0.005832531579067642,0.00038624873584291753,7.921881339063546,0,0,1,2,1,2
2019-03-28,2759,2757,SZ002532,0.09551909,0.0010867099999999352,0.24978136,0.24978136,0.15426227,0.06141050233333333,0.0512448546,0.005731274852715624,0.00038433508584961596,7.922607080848634,0,0,0,0,0,0
2019-03-29,2759,2753,SH600595,0.13631158,0.008176669999999997,0.20917612,0.20917612,0.07286454,0.08926391633333332,0.0784008018,0.006109303685534344,0.00037742220245688045,7.922604863861055,0,1,0,1,0,1
2019-04-01,2761,2758,SH600595,0.079637095,0.00659719999999997,0.2069474,0.2069474,0.127310305,0.05356712833333333,0.0236195904,0.005979238113551722,0.00037700403359616286,7.923330293972244,0,0,0,0,0,0
2019-04-02,2765,2763,SH600517,0.08274277,0.0020149000000000417,0.21082622,0.21082622,0.12808345000000002,0.0330201111,-0.0012561345400000008,0.005644844801870564,0.00037426829243803275,7.924779938510982,0,0,0,0,0,0
2019-04-03,2757,2757,SH600517,0.083583936,0.008245100000000005,0.25712067,0.25712067,0.173536734,0.04952879200000001,0.018458854200000003,0.005999531758030086,0.00037593024111242437,7.9218803867893115,0,0,0,0,0,0
2019-04-04,2758,2753,SZ000590,-0.014975471,0.003391049999999951,0.19826199,0.19826199,0.213237461,0.015044414,0.0054816430000000005,0.005869464716363131,0.0003765237565307649,7.92224380421697,0,0,0,0,1,1
2019-04-08,2765,2763,SH600517,0.086299,0.005485799999999985,0.1963989,0.1963989,0.11009989999999999,0.017421196899999998,0.022182314539999998,0.005534332396942036,0.0003754753934922711,7.924780560097677,0,0,0,0,0,0
2019-04-09,2766,2765,SZ000958,0.09615385,0.0037890000000000423,0.2405942,0.2405942,0.14444035,0.12968927666666666,0.1157611792,0.005477102989311562,0.00037597199687860756,7.925142468513421,0,0,1,1,1,1
2019-04-10,2771,2767,SZ002629,0.09677419,0.000488759999999977,0.21952699,0.21952699,0.12275280000000001,0.081469158,0.0766678488,0.005891233797168552,0.00037918466323016926,7.926946106048403,0,0,0,0,0,0
2019-04-11,2766,2764,SZ002629,0.097222224,0.013786670000000001,0.2095017,0.2095017,0.11227947600000002,0.06506763686666667,0.06684333852,0.005970642321491176,0.00038173107704698496,7.925139617681609,0,0,0,0,0,0
2019-04-12,2770,2770,SZ002629,-0.14631422,0.007352249999999949,0.17131475,0.17131475,0.31762897,-0.043072917999999995,-0.017583232999999997,0.005956684310019478,0.00037682510901328403,7.9265848327328285,0,0,0,2,0,2
2019-04-15,2771,2770,SZ000958,-0.12665986,0.009725600000000001,0.27770928,0.27770928,0.40436914,-0.06765227,0.0006348274000000043,0.005742459159047963,0.0003782844074944539,7.926947037760024,0,0,0,1,0,2
2019-04-16,2768,2766,SH600595,0.04918033,0.0022908999999999846,0.2503129,0.2503129,0.20113257,0.06371286866666666,0.043126955599999996,0.005813201650352359,0.0003740027639352409,7.925863392084896,0,0,0,0,0,0
2019-04-17,2776,2770,SZ000982,-0.16614509,0.00018059999999997522,0.20994046,0.20994046,0.37608555,-0.0786353346,-0.06451416876,0.005788944419856235,0.0003765314112415816,7.928749512246117,0,0,0,1,1,2
2019-04-18,2780,2779,SZ000995,0.013919414,0.012076489999999995,0.2075938,0.2075938,0.193674386,0.09612488466666667,0.057931015659999995,0.005847363675990553,0.0003792300094325494,7.930189038325245,0,0,0,1,1,2
2019-04-19,2777,2777,SZ000995,-0.057803467,0.007381000000000082,0.2369281,0.2369281,0.294731567,0.0031432277333333348,-0.009601537159999998,0.006121314901718388,0.000375390912238653,7.929107698687134,0,0,0,0,0,0
2019-04-22,2776,2775,SZ000995,-0.049846627,0.002586500000000047,0.16949153,0.16949153,0.219338157,-0.072734527,-0.1074588302,0.005576648110195777,0.0003721772707465107,7.928750728926362,0,0,0,0,0,0
2019-04-23,2773,2773,SH600595,-0.008762322,0.0007884499999999406,0.22808442,0.22808442,0.236846742,-0.026561488133333335,-0.04071071648,0.0054288700148078855,0.00037123226080293967,7.927670279363458,0,0,0,0,0,0
2019-04-24,2775,2774,SH600595,-0.16574585,0.006879939999999918,2.3921094,2.3921094,2.55785525,-0.0709343641,-0.09069441046,0.006083927962408173,0.00037536475687836905,7.92838746876051,0,0,0,0,0,0
2019-04-25,2764,2762,SH600595,-0.21986754,0.012434179999999961,0.23014669,0.23014669,0.45001422999999996,-0.05605545666666667,-0.0461957852,0.006080742804571166,0.0003775713100311557,7.924415656935364,0,0,0,0,0,0
2019-04-26,2766,2764,SH600595,-0.25636673,0.014633400000000019,1.2364551,1.2364551,1.49282183,-0.052991454533333336,-0.06472178092,0.007250097269461685,0.00037898119915241425,7.925131271961135,0,0,1,1,1,1
2019-04-29,2754,2754,SH600595,-0.1803653,0.02334274000000003,0.17968158,0.17968158,0.36004688,-0.0006438383333333362,-0.020809509400000002,0.008173273834742627,0.0003870596431688592,7.9207764321096406,0,0,0,2,0,2
2019-04-30,2736,2735,SZ000058,0.08235294,0.004492599999999958,0.20684293,0.20684293,0.12448999000000001,-0.0038224183333333364,-0.022107545600000004,0.008591553272725153,0.00038281528779319135,7.914215277818176,0,1,0,2,0,2
2019-05-06,2752,2750,SH600052,0.0,0.010097800000000046,0.18001302,0.18001302,0.18001302,-0.03625901333333333,-0.009824037599999998,0.009778139087739035,0.00038619777626353237,7.920035738685341,0,0,0,0,2,2
2019-05-07,2749,2748,SH600595,-0.24652778,0.00047372999999995,0.27753687,0.27753687,0.52406465,-0.06147187166666666,0.013974024000000002,0.011498223620950031,0.00038792492902422397,7.9189273199056025,0,0,1,1,1,1
2019-05-08,2738,2738,SH600052,0.0,0.012135840000000009,0.25797692,0.25797692,0.25797692,-0.10428592666666665,-0.053329004,0.011575452835738208,0.00039653937241421487,7.91491605955844,0,0,0,1,0,1
2019-05-09,2727,2724,SZ000737,-0.011527377,0.001020299999999974,0.18779904,0.18779904,0.199326417,0.020523591666666667,0.0064907546,0.009452468363913821,0.00038851099591469794,7.910912769884604,0,0,0,0,0,0
2019-05-10,2718,2716,SH600595,-0.48630136,0.025512760000000023,0.21372329,0.21372329,0.70002465,-0.20279777866666668,-0.1381853636,0.010060818792630603,0.00040477500032845933,7.907600875089239,0,0,0,0,0,0
2019-05-13,2699,2698,SH600595,-0.53333336,0.03292600000000001,0.21560036,0.21560036,0.7489337199999999,-0.15933152866666667,-0.079507106,0.008165063919000478,0.0004036184669868372,7.900603167435397,0,0,0,0,0,0
2019-05-14,2682,2680,SH600052,-0.011111111,0.001620300000000019,1.5714285,0.28156748,0.292678591,0.034654099333333334,0.0195968808,0.008550852190870619,0.00040834603120222323,7.894281475842755,0,0,2,2,2,2
2019-05-15,2669,2669,SH600595,0.96666664,0.0033706000000000014,0.96666664,0.96666664,0.0,0.35080852333333334,0.22760597059999998,0.008713732258936738,0.000398193430619965,7.889421258210454,1,1,1,2,1,2
2019-05-16,2657,2653,SZ000707,-0.17161018,0.0033443699999999854,0.18506569,0.18506569,0.35667587,-0.131633248,-0.11047478079999999,0.007908003768500056,0.0004071502717881739,7.884921631777643,0,0,0,0,1,2
2019-05-17,2643,2641,SH600595,0.18604651,0.00688359999999999,0.2037374,0.2037374,0.017690890000000015,0.013196566666666668,-0.018021652,0.008172183552562084,0.0004007720324293297,7.879636487721607,1,1,1,1,1,1
2019-05-20,2609,2608,SH600595,0.47058824,0.002097900000000097,0.47058824,0.47058824,0.0,0.19700778833333332,0.1263194442,0.009459772195088291,0.00040742849974391123,7.866677607784141,1,1,2,2,2,2
2019-05-21,2593,2591,SZ000707,-0.026246719,0.006731299999999996,0.22470239,0.22470239,0.250949109,-0.304454617,-0.18775699299999998,0.00961174792525922,0.00041564356092623096,7.860524802532861,0,0,0,0,0,1
2019-05-22,2576,2574,SZ000707,-0.10781671,0.0044600000000000195,0.72727275,0.72727275,0.8350894600000001,0.21096262433333335,0.11149837560000002,0.010370497402821196,0.00040983230962241863,7.853940462461675,0,0,1,2,1,2
2019-05-23,2543,2543,SZ000707,0.009063444,0.018627160000000087,0.20263281,0.20263281,0.193569366,0.010329274866666667,-0.02160986308,0.011698103442850381,0.00041818573944270684,7.841032978641222,0,0,0,0,0,0
2019-05-24,2511,2510,SZ000707,0.068862274,0.014745330000000001,0.31023622,0.31023622,0.241373946,0.061952547999999996,0.0558725048,0.012793145182708986,0.0004322265209148419,7.828356620232995,0,0,0,0,0,1
2019-05-27,2488,2487,SZ000707,0.011204482,0.017861010000000066,0.21792555,0.21792555,0.206721068,0.0010833176666666655,0.0324896138,0.011601895959341479,0.0004364712588680657,7.819168342000923,0,0,0,1,0,1
2019-05-28,2460,2456,SZ000760,-0.039806996,0.022392069999999986,0.42105263,0.23397435,0.273781346,-0.030503163766666664,-0.02331523146,0.010294233195991827,0.0004451265564698232,7.807863887435003,0,0,1,1,1,1
2019-05-29,2433,2431,SZ000760,-0.07035176,0.027852940000000048,0.21518324,0.21518324,0.285535,-0.07926403433333333,-0.027909448599999997,0.010630508224074959,0.0004426367036882761,7.796824455090396,0,0,0,1,0,1
2019-05-30,2405,2404,SZ000760,0.032432433,0.018392469999999994,0.23362659,0.23362659,0.20119415699999998,-0.06544921433333332,-0.0350419132,0.009554775038250226,0.0004491657458641062,7.785259609538452,0,0,0,0,0,0
2019-05-31,2382,2382,SZ000760,-0.010471204,0.021542150000000038,0.20630157,0.20630157,0.216772774,-0.08076900800000002,-0.06678158760000001,0.009112446926185212,0.00045968963784794,7.775654296415641,0,0,0,0,0,0
2019-06-03,2346,2343,SZ000760,-0.02116402,0.006867359999999989,0.17340288,0.17340288,0.19456690000000001,-0.058304673333333334,-0.0454093896,0.009250031517369375,0.0004688736377736286,7.76042402494705,0,0,0,0,1,1
2019-06-04,2327,2326,SZ000760,0.010810811,0.012942099999999956,0.3321033,0.3321033,0.321292489,-0.074084683,-0.05578903620000001,0.009595879630155357,0.00046412175348528557,7.752289094256188,0,0,0,1,0,1
2019-06-05,2313,2311,SZ000670,-0.15164836,0.032391600000000076,0.24401772,0.24401772,0.39566608000000003,-0.07951558466666668,-0.05694723620000001,0.010744755651092645,0.00048401106100655675,7.746243211494514,0,0,0,0,0,0
2019-06-06,2308,2305,SZ000670,-0.17962003,0.014074900000000001,0.22128445,0.22128445,0.40090448,-0.05256416466666666,-0.018829672,0.01014089744097933,0.0004760251265818714,7.744085509687675,0,0,0,0,0,0
2019-06-10,2278,2278,SZ000670,0.16421053,0.062265940000000075,0.20958903,0.20958903,0.045378500000000016,0.10850806099999999,0.08573015399999999,0.011347452128304283,0.0004943018028556001,7.730988657748714,1,1,1,1,1,1
2019-06-11,2285,2284,SZ000670,0.2658228,0.08952083999999993,0.2658228,0.2658228,0.0,0.12187954666666667,0.0887390696,0.010959307790956795,0.000512796031142867,7.7340606704475885,1,1,1,1,1,1
2019-06-12,2278,2277,SZ000670,0.17285714,0.08359359999999993,0.19923078,0.19923078,0.026373640000000004,0.11240820333333333,0.09535920719999999,0.009014468711423819,0.0005080796649661373,7.731011875204787,1,1,1,1,1,1
2019-06-13,2265,2265,SZ000670,-0.22107187,0.04666053000000003,0.16333255,0.16333255,0.38440441999999997,-0.07922738333333333,-0.07993319439999999,0.008916864781179689,0.000488623944347458,7.725289905202622,0,0,0,0,0,0
2019-06-14,2258,2257,SZ000670,-0.02736513,0.0186037,0.17817014,0.17817014,0.20553527,-0.029847098,-0.026894932599999997,0.008061695572040003,0.0004754573744233227,7.722202036449591,0,0,0,1,0,1
2019-06-17,2234,2229,SZ000670,0.2363344,0.0267253999999999,0.2363344,0.2363344,0.0,0.101735579,0.08750435940000001,0.008346049744233572,0.00047737330277350355,7.711513987094131,1,1,2,3,3,4
2019-06-18,2221,2219,SZ000670,-0.08972692,0.03288404,0.18218218,0.18218218,0.2719091,-0.047993757,-0.0454382842,0.008293972440427485,0.0004885696774034174,7.705678321334551,0,0,1,1,1,1
2019-06-19,2224,2223,SZ000670,0.061428573,0.022294990000000015,0.21656536,0.21656536,0.155136787,0.060544595666666666,0.05068599672,0.008137096371202458,0.000482122910583304,7.707029331408949,0,0,0,1,0,1
2019-06-20,2245,2243,SH600744,0.016438356,0.0005275999999999614,0.20329182,0.20329182,0.18685346400000002,0.01571526666666667,0.0200709206,0.008267222777901017,0.0004776701220249451,7.716426382165008,0,0,0,1,0,1
2019-06-21,2257,2256,SZ000670,-0.042461537,0.02221191,0.19935367,0.19935367,0.241815207,-0.03528302766666667,-0.0189547046,0.00793147875053792,0.00048604043444719515,7.7217599404980035,0,0,1,1,1,1
2019-06-24,2266,2263,SZ000670,0.0,0.011688739999999975,0.2071541,0.2071541,0.2071541,0.03913893533333333,0.02929556448,0.007202244044525749,0.0004706489494949361,7.725745287819155,0,0,1,2,1,3
2019-06-25,2268,2267,SZ000670,0.16645244,0.008564999999999934,0.20419739,0.20419739,0.03774495,0.037921332333333335,0.0260699034,0.006634237175641074,0.00046642850551059016,7.726631544219155,1,1,1,1,2,2
2019-06-26,2262,2262,SZ000670,-0.057300277,0.008424660000000084,0.19503257,0.19503257,0.25233284699999997,-0.020544137666666667,-0.004738327799999999,0.007112985240521713,0.0004690926301427701,7.723979230314985,0,0,0,0,0,0
2019-06-27,2278,2278,SZ002684,0.05024675,0.015703860000000014,0.24576919,0.24576919,0.19552244,0.03393411766666667,0.065738872,0.006376083720087935,0.0004648432211082795,7.731032701070769,0,0,1,1,1,1
2019-06-28,2283,2283,SZ000760,-0.010362694,0.0021938499999999417,0.17230769,0.17230769,0.18267038400000002,0.006207322000000001,0.013008989600000001,0.0072662050573735005,0.0004595546488668955,7.733219132350545,0,0,0,0,1,1
2019-07-01,2298,2296,SZ002684,0.04808476,0.008604499999999904,0.14415124,0.14415124,0.09606648000000001,0.07466349866666666,0.05653420439999999,0.0074796146360162135,0.0004628003520196322,7.739766308500505,0,0,1,3,3,5
2019-07-02,2304,2303,SH600518,-0.12894547,0.027188180000000006,0.175,0.175,0.30394547,-0.11337783333333334,-0.0841185962,0.0069735552000721335,0.0004675229843200778,7.742377543691502,0,0,1,1,1,1
2019-07-03,2315,2314,SZ002684,0.03135739,0.00058257000000006,0.16680498,0.16680498,0.13544759,0.005796667333333334,0.0154860312,0.0071723717227580724,0.0004646152555240105,7.747139049334509,0,0,1,2,1,2
2019-07-04,2331,2330,SZ000670,-0.08039329,0.012025700000000028,0.16606368,0.16606368,0.24645697,-0.06860370733333333,-0.0602823074,0.007378661634467318,0.0004531003568152837,7.754025251894104,0,0,1,1,1,1
2019-07-05,2340,2339,SZ000670,-0.09811321,0.018891460000000082,0.2280543,0.2280543,0.32616751,-0.05879625400000001,-0.054822084800000004,0.006876339925346531,0.0004544610970190927,7.757882407714809,0,0,0,0,0,0
2019-07-08,2355,2355,SZ000670,0.0,0.006608900000000029,0.20580669,0.20580669,0.20580669,0.019345055333333333,0.0496898152,0.006850586037538287,0.00044483204957309214,7.764272435935423,0,0,1,2,1,2
2019-07-09,2331,2330,SZ000670,0.036262203,0.012363349999999995,0.1615529,0.1615529,0.125290697,0.07949319766666667,0.0487327526,0.007699318103982991,0.00045649629491094655,7.754022829688433,0,0,1,2,1,2
2019-07-10,2328,2328,SZ000670,0.0,0.027523030000000004,0.23697682,0.23697682,0.23697682,-0.06848658133333334,-0.054834312399999995,0.006931913835573009,0.00046019895814751634,7.752740584312998,0,0,0,0,0,0
2019-07-11,2327,2326,SZ000670,-0.057873487,0.008867739999999902,0.12612967,0.12612967,0.184003157,-0.05065004766666666,-0.042817840999999995,0.0069511131430454185,0.00045484905679628573,7.752310862973746,0,0,0,0,0,0
2019-07-12,2324,2324,SZ000670,0.037142858,0.015812999999999966,0.2004745,0.2004745,0.163331642,0.021057819666666668,0.027330976,0.007139471153547746,0.0004569771958089386,7.751019472552794,0,0,0,0,0,0
2019-07-15,2322,2322,SZ000670,-0.012396694,0.009583150000000096,0.18595394,0.18595394,0.19835063400000003,0.004590321666666667,0.0225627882,0.006694612979298275,0.0004565094914191855,7.750161618123656,0,0,0,1,0,1
2019-07-16,2321,2321,SZ000670,-0.059972107,0.016353149999999927,0.16404429,0.16404429,0.224016397,-0.021108921333333332,-0.018992268799999996,0.006530847796608018,0.00045381710413213046,7.74973209441764,0,0,0,0,0,0
2019-07-17,2304,2304,SZ000670,-0.10311573,0.015931949999999917,0.17764299,0.17764299,0.28075872,-0.06316552166666667,-0.03508239366,0.006369318180697501,0.0004566784065457018,7.742381777867859,0,0,0,0,0,0
2019-07-18,2285,2285,SZ000670,-0.014061208,0.018558000000000074,0.11381579,0.11381579,0.127876998,-0.009728684666666666,-0.008190390740000001,0.006937879680424165,0.0004663746665735585,7.734097324258803,0,0,0,0,0,0
2019-07-19,2239,2238,SZ000670,-0.087248325,0.023330900000000043,0.082349084,0.082349084,0.169597409,-0.09252437499999999,-0.096106926,0.006876790543829385,0.0004760332071896317,7.71376107704411,0,0,0,0,2,3
2019-07-22,2215,2214,SZ000670,0.14338236,0.026442860000000068,0.14338236,0.14338236,0.0,0.05863288566666666,0.065754722,0.00665671447608806,0.0004825776429963295,7.702985480087513,1,1,2,2,2,2
2019-07-23,2189,2188,SZ000670,-0.041800644,0.02524369999999998,0.17476852,0.17476852,0.216569164,0.005834774333333334,-0.003392477599999999,0.007850374416063824,0.0004927347857880895,7.6911691099388175,0,0,0,0,0,0
2019-07-24,2177,2177,SZ000670,0.043624163,0.03584253000000004,0.1832731,0.1832731,0.139648937,0.012219449,0.004274359480000001,0.007383710732888171,0.0004996512539055108,7.685675628024687,0,0,1,1,1,2
2019-07-25,2157,2157,SZ000670,0.0,0.01368210000000003,0.16381419,0.16381419,0.16381419,0.022487885333333332,0.0264974544,0.007394207866413388,0.0004950735228757481,7.676446263137233,0,0,0,1,0,1
2019-07-26,2137,2137,SZ000670,-0.05546624,0.0030662599999999873,0.17609255,0.17609255,0.23155879,-0.031578824,-0.004500058400000001,0.007658380543470071,0.0004955736733662002,7.66712909002584,0,0,0,1,1,2
2019-07-29,2116,2115,SZ000670,0.0,0.002123050000000015,0.18444267,0.18444267,0.18444267,-0.009883319666666668,-0.002450290200000001,0.006951769579635139,0.0004969472355926411,7.657258980572428,0,0,0,0,1,1
2019-07-30,2082,2082,SZ000670,-0.058723405,0.015269949999999977,0.21105748,0.21105748,0.26978088499999997,-0.064452257,-0.047552132600000005,0.006945483065249806,0.0005127525732399571,7.641060499489388,0,0,0,1,0,1
2019-07-31,2063,2062,SZ000670,0.03074141,0.02737820000000002,0.16017316,0.16017316,0.12943175,0.006376932333333332,0.0067331914000000005,0.006731213511147322,0.0005193451019125419,7.631894070306729,0,0,2,2,2,3
2019-08-01,2042,2041,SZ000670,0.060526315,0.04001685999999993,0.18846063,0.18846063,0.127934315,0.03247772266666667,-0.006580438399999999,0.006985791665773577,0.0005314544232392752,7.621660832037966,0,0,0,0,1,1
2019-08-02,2043,2043,SZ000670,-0.10008271,0.025215089999999996,0.16907825,0.16907825,0.26916096,-0.05758276733333333,-0.0773141032,0.006722050200900288,0.0005235978388499688,7.622152443428913,0,0,0,0,0,0
2019-08-05,2013,2013,SZ000670,-0.015625,0.002589410000000014,0.18705603,0.18705603,0.20268103,-0.06053836666666667,-0.032907118400000004,0.00712946239896481,0.0005270918438253583,7.6073564212308895,0,0,0,0,2,2
2019-08-06,2043,2043,SZ000670,0.112978525,0.0028566599999999553,0.2181146,0.2181146,0.105136075,0.10446467,0.053355770000000004,0.0071100396293708725,0.0005178414343271385,7.622149731340851,1,1,2,2,2,2
2019-08-07,2038,2037,SZ000816,0.018018018,0.01505542999999998,0.15301391,0.15301391,0.134995892,-0.02885386233333333,0.002257400200000001,0.007606716276463931,0.0005217599495077043,7.6196954636548195,0,0,0,2,0,2
2019-08-08,2009,2009,SZ000670,-0.16666667,0.02624983999999997,0.13709678,0.13709678,0.30376345,-0.06542882713333333,-0.06692389588,0.006742506198463343,0.0005318508132686863,7.605369455016484,0,0,0,0,0,0
2019-08-09,2007,2007,SZ000670,0.0,0.025652549999999996,0.18366785,0.18366785,0.18366785,0.0089621935,-0.0107182085,0.007006554002238062,0.0005319164777396904,7.604371611256248,0,0,0,0,0,0
2019-08-12,1988,1987,SZ000670,0.017894737,0.02969446000000009,0.21027288,0.21027288,0.192378143,0.0129098974,0.01601193564,0.0078005229517151145,0.0005429618565116766,7.594853715056228,0,0,0,0,0,0
2019-08-13,1983,1983,SZ000670,-0.08893485,0.03772861000000005,0.16466273,0.16466273,0.25359758,-0.08814400666666666,-0.07861344079999999,0.006503259801083207,0.0005448946687790207,7.592344783638266,0,0,0,0,0,0
2019-08-14,1965,1965,SZ000670,0.03859251,0.004683500000000063,0.23820704,0.23820704,0.19961453,0.046717849,0.0464869322,0.006732580381657556,0.0005408103950233663,7.583224692530329,0,0,1,1,1,2
2019-08-15,1960,1960,SZ000670,-0.018579235,0.022306099999999995,0.20879914,0.20879914,0.227378375,0.023772750666666665,0.0093324398,0.006689958984723175,0.0005518770023347024,7.580677171345615,0,0,0,0,0,0
2019-08-16,1956,1953,SZ000670,0.0389755,0.021616239999999953,0.1612046,0.1612046,0.12222910000000001,0.054284731333333336,0.05591305,0.006321435182797344,0.000553994567882763,7.578636672004736,0,0,0,1,1,2
2019-08-19,1966,1965,SZ000670,-0.019292604,0.0254339400000001,0.1417972,0.1417972,0.161089804,-0.026263986666666666,-0.0028238877999999987,0.006327255560482952,0.0005493874323219987,7.583736126617946,0,0,0,1,0,3
2019-08-20,1989,1988,SZ000670,0.019672131,0.0011780900000000205,0.23964497,0.23964497,0.219972839,-0.2206974816666667,-0.12406867400000002,0.006159362830532993,0.0005380420654343338,7.595368139974621,0,0,0,1,0,1
2019-08-21,2004,2002,SZ000670,0.092175774,0.031615150000000036,0.18620303,0.18620303,0.09402725599999999,0.024659818,0.004925267,0.005918677758476347,0.0005342147816039801,7.602882851644271,0,0,0,0,1,1
2019-08-22,2009,2009,SZ000670,-0.1697743,0.042478399999999916,0.21967389,0.21967389,0.38944818999999997,-0.103484735,-0.095138747,0.006243454251074186,0.0005367311027048833,7.605372763916512,0,0,0,0,0,0
2019-08-23,2026,2025,SZ000670,0.20449172,0.018451090000000003,0.20571297,0.20571297,0.001221250000000007,0.086356431,0.0686943934,0.005927557415315155,0.0005191774328082869,7.6138010518280215,1,1,2,2,2,2
2019-08-26,2035,2032,SZ000760,0.023988007,0.007382060000000079,0.1884253,0.1884253,0.16443729299999998,0.038449462999999996,0.0628968858,0.005776790612958102,0.0005149175884468846,7.618234338414386,0,0,1,1,2,2
2019-08-27,2051,2049,SZ000670,0.036194414,0.013047240000000015,0.16275322,0.16275322,0.126558806,-0.04148646533333333,-0.013223506400000001,0.005955392440224471,0.0005161911027177061,7.626064934608809,0,0,1,1,1,3
2019-08-28,2078,2076,SZ000670,-0.017964073,0.0013730299999999973,5.818182,0.20586182,0.223825893,-0.026359795333333335,-0.0160791078,0.005887731980931104,0.0005017159091944717,7.639143771152881,0,0,2,2,2,3
2019-08-29,2094,2092,SZ000670,-0.08739837,0.013769999999999949,0.25464064,0.25464064,0.34203901,0.024941063999999995,-0.016189819000000005,0.006320885097411813,0.000514619601517075,7.64681127235819,0,0,2,2,2,2
2019-08-30,2108,2106,SZ000670,0.05790646,0.016664400000000024,0.5925926,0.5925926,0.53468614,0.06499481666666666,0.043989955000000004,0.006669378326966682,0.0005050535917195247,7.65347255973441,0,0,0,0,2,3
2019-09-02,2130,2128,SZ000670,0.16421053,0.0038029500000000827,0.29298246,0.29298246,0.12877193,0.16481231233333335,0.093791846,0.006775337597232601,0.0004968485157065077,7.663854191536785,1,1,2,2,3,4
2019-09-03,2115,2114,SZ000670,0.06238698,0.011865999999999932,0.20802833,0.20802833,0.14564135,-0.1056291229,-0.039115341740000004,0.006120187960394159,0.0004991131284466808,7.656791264972267,0,0,0,0,0,0
2019-09-04,2139,2138,SH600744,0.0373444,0.00949270000000002,0.5925926,0.5925926,0.5552482000000001,0.209979,0.12743405464,0.006376442051707099,0.0004951300410282894,7.6680732869899515,0,0,1,1,1,1
2019-09-05,2192,2192,SZ000692,0.0071813287,0.004201039999999989,0.1943128,0.1943128,0.18713147130000002,0.02596824456666667,-0.06129541456,0.0065794130783008555,0.00047915491900739403,7.692547916241805,0,0,1,2,2,3
2019-09-06,2203,2200,SH600595,-0.2962963,0.003459559999999917,0.36155447,0.36155447,0.65785077,-0.09461820666666666,-0.0261053682,0.005600181085839365,0.00047455259764092134,7.6975596095079055,0,0,2,2,2,2
2019-09-09,2247,2244,SH600595,-0.42105263,0.003928440000000033,0.23253648,0.23253648,0.65358911,-0.15191923,-0.08993265019999999,0.005422105243534953,0.0004660169085995381,7.717336519478587,0,0,1,1,2,2
2019-09-10,2269,2268,SH600595,0.72727275,0.020864800000000017,0.72727275,0.72727275,0.0,0.26058580400000003,0.13651179740000002,0.005900682435283271,0.00046515778438128714,7.727077076960136,1,1,1,2,1,3
2019-09-11,2283,2283,SH600052,-0.02219203,0.004017300000000001,0.19263643,0.19263643,0.21482846,0.03277111,0.011068627220000002,0.005601153658165795,0.0004570782063795276,7.733229917872218,0,0,1,2,2,3
2019-09-12,2301,2298,SH600744,-0.011583012,0.010964399999999985,0.18323673,0.18323673,0.194819742,-0.04422281533333333,-0.0315078878,0.005261283548835423,0.0004548850773749088,7.741085217792808,0,0,1,1,1,1
2019-09-16,2326,2325,SH600052,0.07083764,0.004822870000000035,0.21733871,0.21733871,0.14650107,-0.01383390066666667,-0.013250155200000002,0.005096819075600592,0.00044765947214428313,7.7518923146475,0,1,1,2,1,2
2019-09-17,2340,2339,SH600052,-0.1187832,0.001933399999999974,0.20242369,0.20242369,0.32120689,-0.005623829333333337,0.0035163755999999976,0.0057123159067885175,0.00044733901179762683,7.757889868673929,0,0,0,0,0,0
2019-09-18,2333,2333,SH600744,0.010615711,0.009138399999999991,0.19962537,0.19962537,0.189009659,-0.016129988666666664,-0.0014688171999999986,0.005617779902968632,0.0004523029482585226,7.754894437465124,0,0,1,1,1,1
2019-09-19,2340,2339,SH600744,0.0,0.0006949000000000538,0.1812841,0.1812841,0.1812841,0.02588043333333333,0.047081472199999995,0.005485691461050561,0.0004505125500404625,7.757891085500427,0,0,1,2,2,3
2019-09-20,2360,2358,SZ002552,0.09812001,0.007847190000000004,0.20227273,0.20227273,0.10415272000000002,0.017224089999999997,-0.0029348928000000017,0.005638217938427355,0.0004479633254170317,7.766400943367817,1,1,1,1,2,2
2019-09-23,2365,2365,SH600744,-0.013071896,0.009652500000000064,0.28071335,0.28071335,0.293785246,0.04572160933333333,0.0340842172,0.005692268172705071,0.00044646912781896484,7.768517051386923,0,0,0,1,0,1
2019-09-24,2366,2365,SZ002552,0.036530655,0.006132000000000026,0.21479791,0.21479791,0.178267255,0.05389064766666667,0.0183212994,0.005225597876298299,0.0004450435612833365,7.768942345519924,0,0,1,1,2,2
2019-09-25,2369,2369,SZ002552,0.0061830175,0.010168060000000034,0.20943762,0.20943762,0.2032546025,-0.0830600475,-0.0755106159,0.005470957639275578,0.0004473669856464861,7.770208167148118,0,0,0,0,0,0
2019-09-26,2370,2370,SH600744,-0.014778325,0.015848540000000022,0.17904994,0.17904994,0.193828265,0.024481857333333332,0.054102706,0.0056787917193372416,0.0004445128838960725,7.770629051144953,0,0,1,1,1,1
2019-09-27,2366,2363,SH600744,-0.045,0.03197764000000003,0.16341463,0.16341463,0.20841463,-0.027807413566666665,-0.02946002654,0.005970952284385323,0.0004504454544371233,7.76893813761334,0,0,0,0,1,1
2019-09-30,2354,2354,SH600744,0.015706806,0.03158253,0.17154948,0.17154948,0.15584267400000001,-0.04836287533333333,-0.015130343599999999,0.005554071426365177,0.0004499782017683578,7.76385579890961,0,0,0,1,0,1
2019-10-08,2331,2330,SH600744,0.030927835,0.039602100000000084,0.15175097,0.15175097,0.12082313500000001,-0.009931015666666666,-0.0034340915999999987,0.005894148928482716,0.00045840565153375376,7.754035188420085,0,0,0,0,1,1
2019-10-09,2327,2326,SH600744,0.03,0.02150436999999994,0.19874312,0.19874312,0.16874312,0.007428479666666665,0.0417169754,0.005955461487917162,0.00045663082972279467,7.752317344914632,0,0,1,1,2,2
2019-10-10,2323,2322,SH600744,0.08495145,0.0037670199999999543,0.22222222,0.22222222,0.13727077,0.01023485,0.0162918561,0.005315036936101147,0.0004497959598506779,7.7506005749955875,0,0,0,0,0,0
2019-10-11,2304,2302,SH600744,0.040268455,0.00920310000000002,0.20975056,0.20975056,0.169482105,-0.001964781666666664,-0.0033942535999999983,0.005764252739585324,0.0004550683756058575,7.742385496214279,0,0,0,0,0,1
2019-10-14,2297,2294,SH600744,-0.06451613,0.009079510000000068,0.14308769,0.14308769,0.20760382,-0.05790865866666667,-0.0245668732,0.005818268909221294,0.0004553775031176784,7.739342371558337,0,0,0,1,1,2
2019-10-15,2277,2276,SZ000707,-0.12825651,0.04879600000000006,0.14514025,0.14514025,0.27339676,-0.05050095066666666,-0.03940200946,0.005657845553950385,0.00047717124846472544,7.7305980369919105,0,0,0,0,1,1
2019-10-16,2261,2260,SZ000707,0.04597701,0.030761250000000073,0.16705054,0.16705054,0.12107353,0.06422952266666666,0.0380765642,0.005726899762802013,0.0004712546705450466,7.723546110869809,0,0,1,1,1,1
2019-10-17,2233,2233,SZ000707,-0.021978023,0.024647799999999997,0.13559322,0.13559322,0.15757124299999997,-0.003998841,-0.021768139399999997,0.005768526130280404,0.00047389977184590057,7.7110846360223295,0,0,1,1,1,1
2019-10-18,2235,2235,SZ000670,-0.012396694,0.0007640999999999343,0.16445182,0.16445182,0.176848514,-0.056954351333333327,-0.02955458668,0.005504674822651032,0.0004617221165449427,7.711981406357911,0,0,1,1,1,1
2019-10-21,2215,2215,SZ000670,0.0,0.0005900300000000192,0.20272315,0.20272315,0.20272315,0.019186308166666666,0.0151879619,0.005502228002528733,0.00046720396336078504,7.702992595367585,0,0,0,0,0,0
2019-10-22,2190,2189,SZ000707,-0.015384615,0.009174999999999933,0.18489836,0.18489836,0.200282975,0.011199693999999998,-0.009478238,0.005888212627412262,0.00047607688458585376,7.6916395380971645,0,0,0,1,2,3
2019-10-23,2178,2177,SH600223,0.08660624,0.008446300000000018,0.12191192,0.12191192,0.03530567999999999,-0.0010762079999999997,-0.0007526656,0.005442602291382755,0.0004792821326731603,7.686147518971899,1,1,1,1,1,1
2019-10-24,2160,2160,SZ000670,0.027709862,0.0036167999999999756,0.23371881,0.23371881,0.206008948,-0.007502826000000001,-0.0314347896,0.0052819440912402265,0.0004841949998904582,7.677849506386565,0,0,0,0,1,1
2019-10-25,2156,2144,SZ000670,0.11022998,0.011628300000000036,0.17539027,0.17539027,0.06516028999999998,0.04226818966666667,0.049425085800000004,0.005250952192409312,0.0004858859710445906,7.67599608768009,1,1,2,2,2,2
2019-10-28,2158,2155,SZ000670,-0.08642857,0.017962499999999992,0.20469907,0.20469907,0.29112764,-0.053476510666666664,-0.1030345944,0.0054186731455500925,0.0004872992751078164,7.676922401239265,0,0,0,0,2,3
2019-10-29,2158,2156,SZ000670,0.0539484,0.008316389999999951,0.27894738,0.27894738,0.22499898000000002,0.040234007999999995,0.009607924799999997,0.005460967095530205,0.0004813149906034208,7.676922190840942,0,0,1,1,2,2
2019-10-30,2133,2133,SZ000670,-0.025964392,0.01778739000000007,0.15188205,0.15188205,0.177846442,-0.045239474,-0.0633524564,0.005740309753374592,0.0004945932394993149,7.66526818272993,0,0,0,0,0,0
2019-10-31,2119,2119,SZ000707,0.024509804,0.0020760400000000567,0.25729442,0.25729442,0.23278461600000003,0.026290017166666665,0.033329168980000004,0.006186336270492782,0.0004908760932279135,7.658680353222098,0,0,0,0,1,1
2019-11-01,2110,2109,SH600198,0.1042471,0.0017420000000000213,0.14072353,0.14072353,0.03647643000000002,0.03971585633333333,0.051982807,0.00614632606927252,0.0004927998207029271,7.654424276255468,1,1,1,2,1,2
2019-11-04,2112,2112,SH600198,-0.036130536,0.000706910000000005,0.17940283,0.17940283,0.215533366,0.027578324666666668,0.019493144400000002,0.005756927286844962,0.0004948466333043267,7.655373994740813,0,0,1,1,1,1
2019-11-05,2121,2121,SZ000670,-0.036697246,0.0189608,0.18153118,0.18153118,0.21822842599999998,-0.03871768833333333,-0.029215349800000002,0.00607274308206253,0.0004956329182068802,7.659624450230028,0,0,0,0,0,0
2019-11-06,2130,2130,SH600198,0.045801528,0.004234299999999913,0.19627136,0.19627136,0.150469832,0.034863559333333335,0.07975025960000001,0.005907104232110222,0.0004902555074906617,7.663859741526268,0,0,1,2,1,2
2019-11-07,2127,2127,SZ000670,-0.12064156,0.005483200000000021,0.14975846,0.14975846,0.27040002,-0.05958645333333334,-0.02274023,0.005406527595629602,0.0004883490925769313,7.662453141332776,0,0,1,1,2,2
2019-11-08,2123,2122,SZ000670,-0.08168121,0.011515799999999965,0.12718894,0.12718894,0.20887015,-0.028147831333333335,-0.016053283260000002,0.005050373007168603,0.0004900898972077653,7.66057267012944,0,0,1,1,2,2
2019-11-11,2105,2105,SZ000670,0.014680483,0.005623270000000069,0.15715976,0.15715976,0.14247927700000002,0.006096381333333334,-0.0013227160000000003,0.005491438196341375,0.0004928540212763797,7.652055613711792,0,0,0,1,1,2
2019-11-12,2089,2087,SZ000670,0.16170213,0.021249500000000032,0.21922705,0.21922705,0.05752492000000001,0.038586716666666666,0.00981615,0.005700224806670384,0.0005067268218311408,7.644424429776908,1,1,1,1,2,2
2019-11-13,2064,2063,SZ000670,-0.024908425,0.019704399999999955,0.15309899,0.15309899,0.178007415,-0.043226873666666665,-0.019718581699999998,0.005126236018326256,0.0005081359233643655,7.632387932231872,0,0,1,1,1,1
2019-11-14,2061,2061,SZ000670,0.077385426,0.018048299999999906,0.17216861,0.17216861,0.094783184,0.0012400119999999976,-0.009595304800000001,0.005481419813595206,0.0005093782030528821,7.6309314860840205,0,1,0,1,0,1
2019-11-15,2044,2044,SZ000670,0.0,0.01258993999999991,0.25585586,0.25585586,0.25585586,0.06858932666666666,0.06104409599999999,0.005644678491217561,0.0005139734992431463,7.622647932815679,0,0,1,1,2,2
2019-11-18,2038,2036,SH600595,0.025,0.009449260000000015,0.21980886,0.21980886,0.19480886,0.022906466333333337,0.007549834800000004,0.005452613407096643,0.000514073004123235,7.619709267842646,0,0,1,3,2,4
2019-11-19,2031,2031,SH600595,0.024390243,0.012705599999999984,0.15443718,0.15443718,0.130046937,-0.0038497706666666665,-0.004773266199999999,0.00557280081931583,0.0005167600245048024,7.616267946305517,0,0,0,0,0,0
2019-11-20,2021,2021,SH600595,-0.04761905,0.024157399999999996,0.13831776,0.13831776,0.18593681,-0.021175275000000004,0.019670531399999996,0.005640791522131691,0.000522788089625526,7.611331725377222,0,0,1,1,1,1
2019-11-21,2017,2017,SH600595,0.321875,0.031931800000000066,0.321875,0.321875,0.0,0.10688520566666669,0.06198971840000002,0.005746825924242895,0.000527017891969858,7.609349943870473,1,1,1,1,1,2
2019-11-22,2015,2014,SH600595,0.2245863,0.04932619999999999,0.2245863,0.2245863,0.0,0.09001267356666665,0.027421970139999984,0.005323941276160674,0.0005362733723966651,7.608360181932185,1,1,1,1,1,1
2019-11-25,2001,2000,SH600198,0.22375691,5.942999999997145e-05,0.22779922,0.22375691,0.0,0.097422041,0.039172794,0.005536947280381659,0.0005390776450806137,7.601386891036173,1,1,2,4,2,4
2019-11-26,1977,1975,SZ002875,-0.032451324,0.003950259999999983,0.1670429,0.14090909,0.173360414,-0.016276312333333334,-0.014670356980000002,0.005577847880174137,0.0005277236338259741,7.589320205493975,0,0,1,1,1,1
2019-11-27,1959,1958,SH600595,-0.20637898,0.005259200000000019,0.18989442,0.18989442,0.3962734,-0.04310783699999999,0.0032909152000000024,0.005594317236545253,0.0005339638272718155,7.580173700829584,0,0,2,2,2,3
2019-11-28,1949,1949,SH600595,0.01891253,0.010768400000000011,0.122671634,0.122671634,0.103759104,0.018945011666666667,0.017931197599999997,0.005861288039494781,0.0005428213472865122,7.575054415793206,0,0,0,0,0,1
2019-11-29,1924,1923,SH600595,0.32946634,0.03807139999999998,0.32946634,0.32946634,0.0,0.05841290333333334,0.0537266432,0.006016516126250481,0.0005603543869522514,7.562143375876736,1,1,2,3,4,6
2019-12-02,1905,1903,SH600485,0.0,0.0034506400000000603,0.16802168,0.16802168,0.16802168,-0.02653449466666667,-0.01164728688,0.00570170186146164,0.0005537148172053248,7.552220956096578,0,0,0,1,1,2
2019-12-03,1894,1894,SH600595,-0.042513862,0.04640689999999992,0.21004099,0.21004099,0.252554852,-0.06538533933333333,-0.049275359479999996,0.005877799229103991,0.0005724638966454373,7.546428856510915,0,0,0,0,1,1
2019-12-04,1883,1883,SH600595,0.1969112,0.024889570000000028,0.1969112,0.1969112,0.0,0.09230745166666667,0.07312005619999999,0.005540689716361486,0.0005645557412088482,7.540606090060042,1,1,1,1,2,2
2019-12-05,1898,1897,SH600198,-0.0068104425,0.004282800000000031,0.1500092,0.1500092,0.15681964250000002,-0.0030373985,0.0024193425,0.005470294482069704,0.0005633090885721933,7.548540913627992,0,0,0,0,0,1
2019-12-06,1892,1891,SH600712,0.096045196,0.005484769999999917,0.19937694,0.19937694,0.103331744,0.017380846333333335,0.004396056400000001,0.005549055120129836,0.0005586625499007094,7.545374283344587,1,1,1,1,2,2
2019-12-09,1882,1882,SH600712,0.09664948,0.008261340000000006,0.22022161,0.22022161,0.12357213000000002,0.009156411999999997,0.0203568376,0.005283322672156317,0.0005574114837440103,7.540076296479785,0,1,0,1,2,3
2019-12-10,1887,1887,SH600712,0.09606346,0.021344800000000053,0.24010327,0.24010327,0.14403981,-0.011112043666666663,-0.0170181706,0.005463044989588788,0.0005579725433517254,7.542728572379373,0,1,0,1,0,1
2019-12-11,1900,1900,SH600712,0.07156258,0.01037374000000002,0.14588235,0.14588235,0.07431977,0.023854193333333332,0.020035126,0.005807452436301006,0.000560178720784968,7.549592215021114,0,0,0,0,0,0
2019-12-12,1906,1906,SH600712,0.019509755,0.017964599999999997,0.13736264,0.13736264,0.117852885,0.017084911666666664,-0.0025427670000000013,0.005554452599673386,0.000549232532259745,7.552746630196627,0,0,0,1,0,1
2019-12-13,1928,1928,SH600712,0.07924436,0.004723499999999992,0.28186274,0.28186274,0.20261838,0.047399127000000006,0.0468644025,0.0057625494959680865,0.0005385524831133172,7.564221928357712,0,0,1,1,1,1
2019-12-16,1952,1950,SH600614,0.09447552,0.0033080400000000676,0.19662163,0.19662163,0.10214611,0.11909750866666664,0.07685708699999999,0.005528102693384017,0.0005298863690024133,7.576594518400245,0,0,1,1,1,1
2019-12-17,2002,2001,SZ000040,-0.0067758327,0.010236640000000019,0.20924719,0.20924719,0.2160230227,0.005442149100000002,0.015821447460000002,0.005335438936961795,0.0005211844679261744,7.60188771265843,0,0,0,0,0,0
2019-12-18,2030,2029,SH600614,0.047007244,0.005654300000000001,0.16824555,0.16824555,0.12123830599999999,0.06288666,0.0287318116,0.005750276806457816,0.0005096782697496699,7.615774568149943,0,0,0,0,0,0
2019-12-19,2064,2063,SH600614,0.04495493,0.008916800000000058,0.18879576,0.18879576,0.14384083,-0.005161296666666666,0.011141706000000001,0.005737679155542405,0.0005055776302184099,7.632384681878794,0,0,0,1,0,1
2019-12-20,2092,2092,SH600614,0.048308104,0.012335540000000034,0.12776177,0.12776177,0.079453666,0.018042817666666666,-0.018644343400000003,0.0054758678788873125,0.0005010346545466133,7.645860842615498,0,0,0,0,0,0
2019-12-23,2114,2113,SH600614,0.04613506,0.02229565999999994,0.24064593,0.24064593,0.19451087,0.09714776833333334,0.09787864700000001,0.0059593903185006175,0.0005013370894112427,7.656319381290781,0,0,1,3,1,4
2019-12-24,2134,2133,SZ000816,-0.18020679,0.0020042099999999508,0.16329114,0.16329114,0.34349793,-0.06098465916666667,-0.026092839899999998,0.006294938350036857,0.0005001572777058633,7.6657335912114934,0,0,0,1,0,1
2019-12-25,2146,2146,SZ000927,0.09409888,0.011960099999999918,0.21148622,0.21148622,0.11738734,0.047245789,0.045644770999999994,0.005660980869992933,0.0004940901827760329,7.6713447956359415,0,0,0,1,0,1
2019-12-26,2161,2159,SZ000927,0.048104957,0.010722730000000014,0.20651421,0.20651421,0.158409253,-0.04503629433333334,-0.0646101466,0.0061474191847674785,0.0004896772950169358,7.678307381921774,0,0,0,0,1,2
2019-12-27,2199,2198,SZ000955,0.052154195,0.0007865999999999707,0.19936709,0.19936709,0.147212895,-0.06088276833333334,-0.046413382200000006,0.0059522729063668164,0.00047412937428311497,7.695740216958132,0,0,0,0,0,0
2019-12-30,2238,2237,SZ000955,0.15086207,0.006287350000000025,0.3217177,0.3217177,0.17085563,0.029627277999999993,0.09153905879999999,0.005240773656857047,0.00046423634393788737,7.713324110193062,1,1,3,5,4,7
